{
  "德輔道中251號東寧大廈1樓9-10號舖": [22.286664, 114.152258],
  "港鐵中環站(環球大廈)大堂": [22.282555, 114.157825],
  "港鐵中環站(昃臣道)": [22.281266, 114.160631],
  "港島線中環站(歷山大廈)大堂": [22.281663, 114.158785],
  "港鐵銅鑼灣(東)站大堂": [22.280209, 114.184116],
  "恩平道28號利園二期低層地下2-10 & 11-12號": [22.278914, 114.185191],
  "聖保祿醫院新翼地下": [22.2784687, 114.1882673],
  "跑馬地馬場會員席1樓<br/>跑馬地馬場公眾席地下": [22.2712011, 114.1815295],
  "港鐵杏花邨站": [22.2766363, 114.239698],
  "藍灣廣場高層地下": [22.2661566, 114.2507],
  "荃灣線佐敦站": [22.304787, 114.171664],
  "東涌線九龍站": [22.304306, 114.161475],
  "海逸道8號漁人碼頭高層地下": [22.309279, 114.19144],
  "觀塘線彩虹站": [22.334969, 114.20905],
  "鑽石山龍蟠苑龍蟠苑商場中心101號舖": [22.3415915, 114.2002684],
  "觀塘線黃大仙站": [22.341656, 114.193851],
  "觀塘線觀塘站": [22.312238, 114.226367],
  "觀塘道418號創紀之城5期大堂<br/>觀塘道418號apm地庫": [22.3122535, 114.2251183],
  "觀塘線藍田站": [22.306803, 114.233467],
  "嘉湖銀座2期1樓122號": [22.456868, 114.003489],
  "天水圍天瑞商場地下ATM 2號": [22.456253, 113.998407],
  "天水圍天澤商場地下ATM 4號": [22.468389, 113.998682],
  "長康一期商場地下3號櫃員機": [22.348902, 114.106004],
  "翠怡商場地下OS-2": [22.351327, 114.108408],
  "港鐵博覽館站": [22.321812, 113.941218],
  "東涌線東涌站": [22.289308, 113.941413],
  "會員席2樓<br/>會員席入口<br/>第一座大看台一樓": [22.403093, 114.206289],
  "置富第一城商場141-143號": [22.3870736, 114.2040117],
  "沙田愉翠商場1樓大堂": [22.382211, 114.205113],
  "將軍澳中心1樓119及120a號": [22.3070289, 114.2564197],
  "港鐵堅尼地城站": [22.281294, 114.12853]
}