{
	"address": {
		"德輔道中251號東寧大廈1樓9-10號舖": [114.152258, 22.286664],
		"港鐵中環站(環球大廈)大堂": [114.157825, 22.282555],
		"港鐵中環站(昃臣道)": [114.160631, 22.281266],
		"港島線中環站(歷山大廈)大堂": [114.158785, 22.281663],
		"港鐵銅鑼灣(東)站大堂": [114.184116, 22.280209],
		"恩平道28號利園二期低層地下2-10 & 11-12號": [114.185191, 22.278914],
		"聖保祿醫院新翼地下": [114.1882673, 22.2784687],
		"跑馬地馬場會員席1樓<br/>跑馬地馬場公眾席地下": [114.1815295, 22.2712011],
		"港鐵杏花邨站": [114.239698, 22.2766363],
		"藍灣廣場高層地下": [114.2507, 22.2661566],
		"荃灣線佐敦站": [114.171664, 22.304787],
		"東涌線九龍站": [114.161475, 22.304306],
		"海逸道8號漁人碼頭高層地下": [114.19144, 22.309279],
		"觀塘線彩虹站": [114.20905, 22.334969],
		"鑽石山龍蟠苑龍蟠苑商場中心101號舖": [114.2002684, 22.3415915],
		"觀塘線黃大仙站": [114.193851, 22.341656],
		"觀塘線觀塘站": [114.226367, 22.312238],
		"觀塘道418號創紀之城5期大堂<br/>觀塘道418號apm地庫": [114.2251183, 22.3122535],
		"觀塘線藍田站": [114.233467, 22.306803],
		"嘉湖銀座2期1樓122號": [114.003489, 22.456868],
		"天水圍天瑞商場地下ATM 2號": [113.998407, 22.456253],
		"天水圍天澤商場地下ATM 4號": [113.998682, 22.468389],
		"長康一期商場地下3號櫃員機": [114.106004, 22.348902],
		"翠怡商場地下OS-2": [114.108408, 22.351327],
		"港鐵博覽館站": [113.941218, 22.321812],
		"東涌線東涌站": [113.941413, 22.289308],
		"會員席2樓<br/>會員席入口<br/>第一座大看台一樓": [114.206289, 22.403093],
		"置富第一城商場141-143號": [114.2040117, 22.3870736],
		"沙田愉翠商場1樓大堂": [114.205113, 22.382211],
		"將軍澳中心1樓119及120a號": [114.2564197, 22.3070289],
		"港鐵堅尼地城站": [114.12853, 22.281294],
		"香港科技大學G201-203": [114.2630026, 22.3369147],
		"清水灣香港科技大學教學大樓地下大堂": [114.263278, 22.336483],
		"新都城第二期1樓ATM09-10": [114.2572385, 22.3239589],
		"新都城第1期2樓211號": [114.257176, 22.320798],
		"東港城商場2樓217C號": [114.265467, 22.316044],
		"港鐵康城站": [114.2686, 22.295398],
		"新港城中心商場2265B號": [114.231208, 22.424373],
		"港鐵馬鞍山站": [114.23163, 22.424807],
		"港鐵坑口站": [114.264393, 22.315596],
		"恒生管理學院教學大樓3樓升降機大堂": [114.211369, 22.3798657],
		"香港中文大學富爾敦樓101室": [114.204602, 22.41813],
		"大埔富亨邨商場地下": [114.171375, 22.458005],
		"大埔超級城D區1樓": [114.169594, 22.451566],
		"安慈路昌運中心48號": [114.167844, 22.452777],
		"港鐵太和站": [114.16135, 22.450932],
		"粉嶺花都廣場51號舖": [114.142135, 22.485023],
		"港鐵上水站": [114.127945, 22.501257],
		"青衣長亨邨商場K2號": [114.0975725, 22.3545895],
		"青衣邨商場地下7號": [114.103125, 22.355784],
		"青衣城1樓108B號舖": [114.108385, 22.359143],
		"荃灣線荔景站": [114.126163, 22.348417],
		"荃灣線葵芳站": [114.127693, 22.356718],
		"元朗坳頭": [114.041037, 22.4449996],
		"屯門市廣場第2期高層地下28號": [113.976251, 22.394102],
		"荃灣青山公路620號麗城花園第二期商場G7A號": [114.0996656, 22.3713198],
		"荃灣廣場2樓": [114.1113456, 22.3708448],
		"荃灣線荃灣站": [114.118213, 22.373470],
		"協和街130號地下大堂": [114.22703, 22.323359],
		"德福商場第二期2樓大堂": [114.213165, 22.321585],
		"德福花園商場P18號": [114.213323, 22.32309],
		"樂富廣場G202號": [114.187902, 22.337598],
		"黃大仙中心1樓121A號": [114.1942795, 22.3413905],
		"慈雲山中心539號舖": [114.200669, 22.348673],
		"荷里活廣場1樓": [114.2022854, 22.3405297],
		"香港理工大學VA207室": [114.179171, 22.304685],
		"太子道360號": [114.18733, 22.327535],
		"太子道327號": [114.185069, 22.325983],
		"亞皆老街147B號醫院管理局大樓地下": [114.183016, 22.324243],
		"香港浸信會醫院3樓": [114.1802975, 22.3396142],
		"香港浸會大學逸夫行政樓3樓": [114.182081, 22.338744],
		"香港浸會大學邵逸夫樓4樓": [114.17982, 22.340205],
		"香港城市大學教學大樓3樓": [114.173431, 22.335733],
		"港鐵九龍塘站": [114.175852, 22.336918],
		"港鐵南昌站": [114.153599, 22.326734],
		"美孚新邨百老滙街69-119號地下及一樓": [114.1413637, 22.335873],
		"荃灣線荔枝角站": [114.148033, 22.337265],
		"港鐵長沙灣站": [114.156017, 22.335606],
		"長沙灣廣場M02號": [114.148942, 22.33743],
		"石硤尾邨服務設施大樓入口": [114.166956, 22.332977],
		"太子道141號": [114.168104, 22.323728],
		"海庭道9號2樓": [114.165244, 22.31275],
		"加拿芬道18號": [114.173495, 22.299065],
		"沙宣道6號學生宿舍第一期LG/F": [114.129213, 22.269691],
		"鴨脷洲邨利澤樓41A號舖": [114.150129, 22.244703],
		"香港仔中心2期地下8號舖": [114.1536308, 22.2488303],
		"富怡花園商場地下6號": [114.2498939, 22.2630773],
		"鯉景灣太康街55號地下GA18B號舖": [114.22285, 22.286953],
		"港鐵鰂魚涌(東)站": [114.2097467, 22.2878748],
		"港鐵鰂魚涌(西)站": [114.208803, 22.28854],
		"港島線天后站": [114.191802, 22.282094],
		"港鐵銅鑼灣(西)站": [114.1840947, 22.2802014],
		"政府總部1樓B區": [114.1652817, 22.280529],
		"金鐘道95號统一中心一樓1020號": [114.165284, 22.278652],
		"港鐵香港大學站": [114.135042, 22.283984],
		"港鐵羅湖站": [114.113332, 22.5294812],
		"港鐵九龍灣站": [114.213989, 22.323595],
		"港鐵油麻地站": [114.170680, 22.312930],
		"港鐵西灣河站": [114.22189, 22.282147],
		"港鐵太古站": [114.21616, 22.284757],
		"港鐵北角站": [114.200656, 22.291232],
		"港鐵炮台山站": [114.193824, 22.288332],
		"港鐵香港站": [114.158155, 22.284681],
		"港鐵西營盤站": [114.128615, 22.281254]
	},
	"name": {
		"恒生銀行 港鐵上環站(中) (港鐵站辦事處)": [114.151834, 22.286603],
		"恒生銀行 港鐵上環站(東) (港鐵站辦事處)": [114.151918, 22.286589],
		"恒生銀行 奧海城分行": [114.158616, 22.318588]
	}
}