{
	"address": {
		"德輔道中251號東寧大廈1樓9-10號舖": [114.152258, 22.286664],
		"港鐵中環站(環球大廈)大堂": [114.157825, 22.282555],
		"港鐵中環站(昃臣道)": [114.160631, 22.281266],
		"港島線中環站(歷山大廈)大堂": [114.158785, 22.281663],
		"港鐵銅鑼灣(東)站大堂": [114.184116, 22.280209],
		"恩平道28號利園二期低層地下2-10 & 11-12號": [114.185191, 22.278914],
		"聖保祿醫院新翼地下": [114.1882673, 22.2784687],
		"跑馬地馬場會員席1樓<br/>跑馬地馬場公眾席地下": [114.1815295, 22.2712011],
		"港鐵杏花邨站": [114.239698, 22.2766363],
		"藍灣廣場高層地下": [114.2507, 22.2661566],
		"荃灣線佐敦站": [114.171664, 22.304787],
		"東涌線九龍站": [114.161475, 22.304306],
		"海逸道8號漁人碼頭高層地下": [114.19144, 22.309279],
		"觀塘線彩虹站": [114.20905, 22.334969],
		"鑽石山龍蟠苑龍蟠苑商場中心101號舖": [114.2002684, 22.3415915],
		"觀塘線黃大仙站": [114.193851, 22.341656],
		"觀塘線觀塘站": [114.226367, 22.312238],
		"觀塘道418號創紀之城5期大堂<br/>觀塘道418號apm地庫": [114.2251183, 22.3122535],
		"觀塘線藍田站": [114.233467, 22.306803],
		"嘉湖銀座2期1樓122號": [114.003489, 22.456868],
		"天水圍天瑞商場地下ATM 2號": [113.998407, 22.456253],
		"天水圍天澤商場地下ATM 4號": [113.998682, 22.468389],
		"長康一期商場地下3號櫃員機": [114.106004, 22.348902],
		"翠怡商場地下OS-2": [114.108408, 22.351327],
		"港鐵博覽館站": [113.941218, 22.321812],
		"東涌線東涌站": [113.941413, 22.289308],
		"會員席2樓<br/>會員席入口<br/>第一座大看台一樓": [114.206289, 22.403093],
		"置富第一城商場141-143號": [114.2040117, 22.3870736],
		"沙田愉翠商場1樓大堂": [114.205113, 22.382211],
		"將軍澳中心1樓119及120a號": [114.2564197, 22.3070289],
		"港鐵堅尼地城站": [114.12853, 22.281294],
		"香港科技大學G201-203": [114.2630026, 22.3369147],
		"清水灣香港科技大學教學大樓地下大堂": [114.263278, 22.336483],
		"新都城第二期1樓ATM09-10": [114.2572385, 22.3239589],
		"新都城第1期2樓211號": [114.257176, 22.320798],
		"東港城商場2樓217C號": [114.265467, 22.316044],
		"港鐵康城站": [114.2686, 22.295398],
		"新港城中心商場2265B號": [114.231208, 22.424373],
		"港鐵馬鞍山站": [114.23163, 22.424807],
		"港鐵坑口站": [114.264393, 22.315596],
		"恒生管理學院教學大樓3樓升降機大堂": [114.211369, 22.3798657],
		"香港中文大學富爾敦樓101室": [114.204602, 22.41813],
		"大埔富亨邨商場地下": [114.171375, 22.458005],
		"大埔超級城D區1樓": [114.169594, 22.451566],
		"安慈路昌運中心48號": [114.167844, 22.452777],
		"港鐵太和站": [114.16135, 22.450932],
		"粉嶺花都廣場51號舖": [114.142135, 22.485023],
		"港鐵上水站": [114.127945, 22.501257],
		"青衣長亨邨商場K2號": [114.0975725, 22.3545895],
		"青衣邨商場地下7號": [114.103125, 22.355784],
		"青衣城1樓108B號舖": [114.108385, 22.359143],
		"荃灣線荔景站": [114.126163, 22.348417],
		"荃灣線葵芳站": [114.127693, 22.356718],
		"元朗坳頭": [114.041037, 22.4449996],
		"屯門市廣場第2期高層地下28號": [113.976251, 22.394102],
		"荃灣青山公路620號麗城花園第二期商場G7A號": [114.0996656, 22.3713198],
		"荃灣廣場2樓": [114.1113456, 22.3708448],
		"荃灣線荃灣站": [114.118213, 22.373470],
		"協和街130號地下大堂": [114.22703, 22.323359],
		"德福商場第二期2樓大堂": [114.213165, 22.321585],
		"德福花園商場P18號": [114.213323, 22.32309],
		"樂富廣場G202號": [114.187902, 22.337598],
		"黃大仙中心1樓121A號": [114.1942795, 22.3413905],
		"慈雲山中心539號舖": [114.200669, 22.348673],
		"荷里活廣場1樓": [114.2022854, 22.3405297],
		"香港理工大學VA207室": [114.179171, 22.304685],
		"太子道360號": [114.18733, 22.327535],
		"太子道327號": [114.185069, 22.325983],
		"亞皆老街147B號醫院管理局大樓地下": [114.183016, 22.324243],
		"香港浸信會醫院3樓": [114.1802975, 22.3396142],
		"香港浸會大學逸夫行政樓3樓": [114.182081, 22.338744],
		"香港浸會大學邵逸夫樓4樓": [114.17982, 22.340205],
		"香港城市大學教學大樓3樓": [114.173431, 22.335733],
		"港鐵九龍塘站": [114.175852, 22.336918],
		"港鐵南昌站": [114.153599, 22.326734],
		"美孚新邨百老滙街69-119號地下及一樓": [114.1413637, 22.335873],
		"荃灣線荔枝角站": [114.148033, 22.337265],
		"港鐵長沙灣站": [114.156017, 22.335606],
		"長沙灣廣場M02號": [114.148942, 22.33743],
		"石硤尾邨服務設施大樓入口": [114.166956, 22.332977],
		"太子道141號": [114.168104, 22.323728],
		"海庭道9號2樓": [114.165244, 22.31275],
		"加拿芬道18號": [114.173495, 22.299065],
		"沙宣道6號學生宿舍第一期LG/F": [114.129213, 22.269691],
		"鴨脷洲邨利澤樓41A號舖": [114.150129, 22.244703],
		"香港仔中心2期地下8號舖": [114.1536308, 22.2488303],
		"富怡花園商場地下6號": [114.2498939, 22.2630773],
		"鯉景灣太康街55號地下GA18B號舖": [114.22285, 22.286953],
		"港鐵鰂魚涌(東)站": [114.2097467, 22.2878748],
		"港鐵鰂魚涌(西)站": [114.208803, 22.28854],
		"港島線天后站": [114.191802, 22.282094],
		"港鐵銅鑼灣(西)站": [114.1840947, 22.2802014],
		"政府總部1樓B區": [114.1652817, 22.280529],
		"金鐘道95號统一中心一樓1020號": [114.165284, 22.278652],
		"港鐵香港大學站": [114.135042, 22.283984],
		"港鐵羅湖站": [114.113332, 22.5294812],
		"港鐵九龍灣站": [114.213989, 22.323595],
		"港鐵油麻地站": [114.170680, 22.312930],
		"港鐵西灣河站": [114.22189, 22.282147],
		"港鐵太古站": [114.21616, 22.284757],
		"港鐵北角站": [114.200656, 22.291232],
		"港鐵炮台山站": [114.193824, 22.288332],
		"港鐵香港站": [114.158155, 22.284681],
		"港鐵西營盤站": [114.128615, 22.281254],
		"卑路乍街77號": [114.1291905, 22.2827843],
		"香港科技大學李兆基商學大樓": [114.2654655, 22.3363998],
		"港鐵寶琳站": [114.2578565, 22.3225461],
		"將軍澳寶寧里2號": [114.2684986, 22.3185262],
		"唐俊街8號": [114.2598061, 22.3093475],
		"港鐵將軍澳站": [114.260018, 22.307436],
		"港鐵調景嶺站": [114.2522843, 22.3039051],
		"亞公角街33號": [114.212764, 22.398076],
		"恒信街2號富安花園": [114.224592, 22.403669],
		"馬鞍山廣場2樓256-257號舖": [114.1957559, 22.3349313],
		"大圍富健街18號": [114.175634, 22.360974],
		"大圍道33號": [114.177463, 22.3756288],
		"港鐵大圍站": [114.1786768, 22.3729477],
		"沙田乙明邨明耀樓地下7及9號舖": [114.1916331, 22.3774055],
		"新城市廣場第三期2樓": [114.187576, 22.380447],
		"橫壆街好運中心18號": [114.190124, 22.383577],
		"港鐵沙田站": [114.210969, 22.41578],
		"山尾街18號沙田商業中心1樓19號舖": [114.193468, 22.3972641],
		"港鐵火炭站": [114.199142, 22.396211],
		"香港中文大學和聲書院": [114.2078426, 22.4215144],
		"香港教育學院中央大樓C-P-11C室": [114.1943841, 22.4689102],
		"廣福道35號": [114.1659614, 22.4491178],
		"港鐵大埔墟站": [114.170482, 22.444547],
		"聯和墟聯興街9號": [114.1425876, 22.498164],
		"新康街5號": [114.1270174, 22.5054374],
		"上水中心一樓1040-1042號舖": [114.1291195, 22.5011315],
		"港鐵落馬洲站": [114.065647, 22.514464],
		"港鐵迪士尼站": [114.044921, 22.315474],
		"港鐵欣澳站": [114.0294276, 22.3321032],
		"東涌健東路1號": [113.948566, 22.292836],
		"北大嶼山醫院1樓": [113.9393347, 22.2820664],
		"港鐵青衣站": [114.107261, 22.358487],
		"新都會廣場219號": [114.1273968, 22.3571261],
		"石蔭路50號": [114.1398886, 22.3683947],
		"葵涌邨葵涌商場地下": [114.128313, 22.367234],
		"新葵興廣場2樓B舖": [114.1316094, 22.363047],
		"港鐵葵興站": [114.131207, 22.363056],
		"華景山道9號華景山莊": [114.137429, 22.354917],
		"港鐵錦上路站": [114.063441, 22.434798],
		"教育路5號富好大樓1樓": [114.0279148, 22.4427108],
		"青山道93號": [114.1624575, 22.3336568],
		"谷亭街2-4號地下": [114.0295664, 22.444574],
		"港鐵元朗站": [114.034706, 22.446113],
		"港鐵朗屏站": [114.02485, 22.44766],
		"天水圍頌富廣場一期2樓L221號舖": [113.9977878, 22.4615626],
		"港鐵天水圍站": [114.004687, 22.448281],
		"屯門鄉事會路4-26號明偉大樓6-7號舖": [113.97469, 22.395438],
		"屯門大興邨大興商場1樓": [113.9707035, 22.4026756],
		"港鐵屯門站": [113.973132, 22.394875],
		"港鐵兆康站": [113.978772, 22.411341],
		"荃灣海盛路9號有線電視大樓地下": [114.107402, 22.372844],
		"荃灣荃華街3號悅來坊地庫1樓": [114.1207636, 22.3690012],
		"沙咀道289號": [114.1175734, 22.3693247],
		"眾安街38號": [114.1175618, 22.370986],
		"大河道30號": [114.1157368, 22.3720064],
		"荃灣荃錦中心商場2樓5號": [114.114982, 22.374345],
		"港鐵荃灣西站": [114.109695, 22.368758],
		"港鐵大窩口站": [114.124951, 22.370758],
		"港鐵油塘站": [114.2367941, 22.298028],
		"麗港城商場1樓50A號": [114.2629045, 22.309509],
		"曉光街21號曉麗苑曉麗商場2樓": [114.229419, 22.3207886],
		"開源道64號源成中心地下": [114.2254711, 22.3107694],
		"觀塘廣場地下17號舖": [114.226019, 22.3111759],
		"佐敦谷北道5號": [114.2165686, 22.3233719],
		"港鐵牛頭角站": [114.220014, 22.315138],
		"九龍灣宏照道38號企業廣場五期2座2樓": [114.2081294, 22.3198392],
		"德福大廈1樓3B號": [114.2111795, 22.3227015],
		"港鐵樂富站": [114.187022, 22.338026],
		"鳳德道63號": [114.1977035, 22.3435068],
		"爵祿街56號": [114.1965034, 22.3358928],
		"港鐵鑽石山站": [114.201698, 22.340017],
		"馬頭圍道21號": [114.1878854, 22.308354],
		"德民街36-60號黃埔新邨地下5C舖": [114.1879063, 22.3060515],
		"港鐵紅磡站": [114.181527, 22.303067],
		"土瓜灣道33號": [114.188637, 22.3148631],
		"譚公道38號": [114.1881753, 22.3219385],
		"香港城巿大學康樂樓4樓": [114.1719954, 22.3368785],
		"蘭秀道10號": [114.138753, 22.338473],
		"港鐵美孚站": [114.140588, 22.336573],
		"九龍荔枝角青山道800號": [114.1451325, 22.3373541],
		"青山道322號地下": [114.156561, 22.33851],
		"北河街151號": [114.162862, 22.330834],
		"港鐵深水埗站": [114.161876, 22.33107],
		"港鐵石硤尾站": [114.167951, 22.33186],
		"港鐵奧運站": [114.16022, 22.317771],
		"港鐵太子站": [135.637987, 34.533038],
		"埃華街70-86號大成樓地下1號舖": [114.1610874, 22.3215751],
		"埃華街1號明泰樓地下": [114.1641006, 22.3209505],
		"豉油街50號富達大廈地下4號舖": [114.1713756, 22.3166795],