{
  "address": {
    "德輔道中251號東寧大廈1樓9-10號舖": [22.286664, 114.152258],
    "港鐵中環站(環球大廈)大堂": [22.282555, 114.157825],
    "港鐵中環站(昃臣道)": [22.281266, 114.160631],
    "港島線中環站(歷山大廈)大堂": [22.281663, 114.158785],
    "港鐵銅鑼灣(東)站大堂": [22.280209, 114.184116],
    "恩平道28號利園二期低層地下2-10 & 11-12號": [22.278914, 114.185191],
    "聖保祿醫院新翼地下": [22.2784687, 114.1882673],
    "跑馬地馬場會員席1樓<br/>跑馬地馬場公眾席地下": [22.2712011, 114.1815295],
    "港鐵杏花邨站": [22.2766363, 114.239698],
    "藍灣廣場高層地下": [22.2661566, 114.2507],
    "荃灣線佐敦站": [22.304787, 114.171664],
    "東涌線九龍站": [22.304306, 114.161475],
    "海逸道8號漁人碼頭高層地下": [22.309279, 114.19144],
    "觀塘線彩虹站": [22.334969, 114.20905],
    "鑽石山龍蟠苑龍蟠苑商場中心101號舖": [22.3415915, 114.2002684],
    "觀塘線黃大仙站": [22.341656, 114.193851],
    "觀塘線觀塘站": [22.312238, 114.226367],
    "觀塘道418號創紀之城5期大堂<br/>觀塘道418號apm地庫": [22.3122535, 114.2251183],
    "觀塘線藍田站": [22.306803, 114.233467],
    "嘉湖銀座2期1樓122號": [22.456868, 114.003489],
    "天水圍天瑞商場地下ATM 2號": [22.456253, 113.998407],
    "天水圍天澤商場地下ATM 4號": [22.468389, 113.998682],
    "長康一期商場地下3號櫃員機": [22.348902, 114.106004],
    "翠怡商場地下OS-2": [22.351327, 114.108408],
    "港鐵博覽館站": [22.321812, 113.941218],
    "東涌線東涌站": [22.289308, 113.941413],
    "會員席2樓<br/>會員席入口<br/>第一座大看台一樓": [22.403093, 114.206289],
    "置富第一城商場141-143號": [22.3870736, 114.2040117],
    "沙田愉翠商場1樓大堂": [22.382211, 114.205113],
    "將軍澳中心1樓119及120a號": [22.3070289, 114.2564197],
    "港鐵堅尼地城站": [22.281294, 114.12853],
    "香港科技大學G201-203": [22.3369147, 114.2630026],
    "清水灣香港科技大學教學大樓地下大堂": [22.336483, 114.263278],
    "新都城第二期1樓ATM09-10": [22.3239589, 114.2572385],
    "新都城第1期2樓211號": [22.320798, 114.257176],
    "東港城商場2樓217C號": [22.316044, 114.265467],
    "港鐵康城站": [22.295398, 114.2686],
    "新港城中心商場2265B號": [22.424373, 114.231208],
    "港鐵馬鞍山站": [22.424807, 114.23163],
    "港鐵坑口站": [22.315596, 114.264393],
    "恒生管理學院教學大樓3樓升降機大堂": [22.3798657, 114.211369],
    "香港中文大學富爾敦樓101室": [22.41813, 114.204602],
    "大埔富亨邨商場地下": [22.458005, 114.171375],
    "大埔超級城D區1樓": [22.451566, 114.169594],
    "安慈路昌運中心48號": [22.452777, 114.167844],
    "港鐵太和站": [22.450932, 114.16135],
    "粉嶺花都廣場51號舖": [22.485023, 114.142135],
    "港鐵上水站": [22.501257, 114.127945],
    "青衣長亨邨商場K2號": [22.3545895, 114.0975725],
    "青衣邨商場地下7號": [22.355784, 114.103125],
    "青衣城1樓108B號舖": [22.359143, 114.108385],
    "荃灣線荔景站": [22.348417, 114.126163],
    "荃灣線葵芳站": [22.356718, 114.127693],
    "元朗坳頭": [22.4449996, 114.041037],
    "屯門市廣場第2期高層地下28號": [22.394102, 113.976251],
    "荃灣青山公路620號麗城花園第二期商場G7A號": [22.3713198, 114.0996656],
    "荃灣廣場2樓": [22.3708448, 114.1113456],
    "荃灣線荃灣站": [22.373470, 114.118213],
    "協和街130號地下大堂": [22.323359, 114.22703],
    "德福商場第二期2樓大堂": [22.321585, 114.213165],
    "德福花園商場P18號": [22.32309, 114.213323],
    "樂富廣場G202號": [22.337598, 114.187902],
    "黃大仙中心1樓121A號": [22.3413905, 114.1942795],
    "慈雲山中心539號舖": [22.348673, 114.200669],
    "荷里活廣場1樓": [22.3405297, 114.2022854],
    "香港理工大學VA207室": [22.304685, 114.179171],
    "太子道360號": [22.327535, 114.18733],
    "太子道327號": [22.325983, 114.185069],
    "亞皆老街147B號醫院管理局大樓地下": [22.324243, 114.183016],
    "香港浸信會醫院3樓": [22.3396142, 114.1802975],
    "香港浸會大學逸夫行政樓3樓": [22.338744, 114.182081],
    "香港浸會大學邵逸夫樓4樓": [22.340205, 114.17982],
    "香港城市大學教學大樓3樓": [22.335733, 114.173431],
    "港鐵九龍塘站": [22.336918, 114.175852],
    "港鐵南昌站": [22.326734, 114.153599],
    "美孚新邨百老滙街69-119號地下及一樓": [22.335873, 114.1413637],
    "荃灣線荔枝角站": [22.337265, 114.148033],
    "港鐵長沙灣站": [22.335606, 114.156017],
    "長沙灣廣場M02號": [22.33743, 114.148942],
    "石硤尾邨服務設施大樓入口": [22.332977, 114.166956],
    "太子道141號": [22.323728, 114.168104],
    "海庭道9號2樓": [22.31275, 114.165244],
    "加拿芬道18號": [22.299065, 114.173495],
    "沙宣道6號學生宿舍第一期LG/F": [22.269691, 114.129213],
    "鴨脷洲邨利澤樓41A號舖": [22.244703, 114.150129],
    "香港仔中心2期地下8號舖": [22.2488303, 114.1536308],
    "富怡花園商場地下6號": [22.2630773, 114.2498939],
    "鯉景灣太康街55號地下GA18B號舖": [22.286953, 114.22285],
    "港鐵鰂魚涌(東)站": [22.2878748, 114.2097467],
    "港鐵鰂魚涌(西)站": [22.28854, 114.208803],
    "港島線天后站": [22.282094, 114.191802],
    "港鐵銅鑼灣(西)站": [22.2802014, 114.1840947],
    "政府總部1樓B區": [22.280529, 114.1652817],
    "金鐘道95號统一中心一樓1020號": [22.278652, 114.165284],
    "港鐵香港大學站": [22.283984, 114.135042]
  },
  "name": {
    "恒生銀行 港鐵上環站(中) (港鐵站辦事處)": [22.286603, 114.151834],
    "恒生銀行 港鐵上環站(東) (港鐵站辦事處)": [22.286589, 114.151918]
  }
}